{
    "Ernest WILIMOWSKI": 4,
    "Sandor KOCSIS": 2.2,
    "Just FONTAINE": 2.1666666666666665,
    "Abdel Rahman FAWZI": 2,
    "Guillermo STABILE": 1.6,
    "PREGUINHO": 1.5,
    "Leopold ANOUL": 1.5,
    "Sepp HUEGI": 1.5,
    "Bert PATENAUDE": 1.3333333333333333,
    "LEONIDAS": 1.3333333333333333
}